time,lat(N),lon(E),alt
172049,4223.4132,-7104.8493,9.7
172050,4223.4132,-7104.8493,9.7
172051,4223.4132,-7104.8493,9.8
172052,4223.4132,-7104.8493,9.8
172053,4223.4132,-7104.8493,9.8
172054,4223.4132,-7104.8492,9.9
172055,4223.4132,-7104.8492,9.9
172056,4223.4131,-7104.8492,10
172057,4223.4131,-7104.8492,10
172058,4223.4131,-7104.8492,10
172059,4223.4131,-7104.8492,10.1
172100,4223.4131,-7104.8492,10.1
172101,4223.4131,-7104.8492,10.1
172102,4223.4131,-7104.8491,10.2
172103,4223.4131,-7104.8491,10.2
172104,4223.4131,-7104.8491,10.2
172105,4223.4131,-7104.8491,10.2
172106,4223.4131,-7104.8491,10.2
172107,4223.4131,-7104.8491,10.3
172108,4223.4131,-7104.8491,10.3
172109,4223.4131,-7104.8491,10.3
172110,4223.4131,-7104.8491,10.3
172111,4223.4131,-7104.8491,10.3
172112,4223.4131,-7104.849,10.4
172113,4223.4131,-7104.849,10.4
172114,4223.4131,-7104.849,10.4
172115,4223.4131,-7104.849,10.4
172116,4223.4131,-7104.849,10.4
172117,4223.4131,-7104.849,10.4
172118,4223.4131,-7104.849,10.5
172119,4223.4131,-7104.849,10.5
172120,4223.4131,-7104.849,10.5
172121,4223.4131,-7104.849,10.5
172122,4223.4131,-7104.8489,10.5
172123,4223.4131,-7104.8489,10.5
172124,4223.4131,-7104.8489,10.6
172125,4223.4131,-7104.8489,10.6
172126,4223.4131,-7104.8489,10.6
172127,4223.4131,-7104.8489,10.6
172128,4223.4131,-7104.8489,10.6
172129,4223.4131,-7104.8489,10.6
172130,4223.4131,-7104.8489,10.6
172131,4223.4131,-7104.8489,10.7
172132,4223.4131,-7104.8489,10.7
172133,4223.4131,-7104.8488,10.7
172134,4223.4131,-7104.8488,10.7
172135,4223.4131,-7104.8488,10.7
172136,4223.4131,-7104.8488,10.7
172137,4223.4131,-7104.8488,10.7
172138,4223.4131,-7104.8488,10.7
172139,4223.4131,-7104.8488,10.8
172140,4223.4131,-7104.8488,10.8
172141,4223.4131,-7104.8488,10.8
172142,4223.4131,-7104.8488,10.8
172143,4223.4131,-7104.8488,10.8
172144,4223.4131,-7104.8488,10.8
172145,4223.4131,-7104.8487,10.8
172146,4223.4131,-7104.8487,10.8
172147,4223.4131,-7104.8487,10.9
172148,4223.4131,-7104.8487,10.9
172149,4223.4131,-7104.8487,10.9
172150,4223.4131,-7104.8487,10.9
172151,4223.4131,-7104.8487,10.9
172152,4223.4131,-7104.8487,10.9
172153,4223.4131,-7104.8487,10.9
172154,4223.4131,-7104.8487,10.9
172155,4223.4131,-7104.8487,11
172156,4223.4131,-7104.8487,11
172157,4223.4131,-7104.8486,11
172158,4223.4131,-7104.8486,11
172159,4223.4131,-7104.8486,11
172200,4223.4131,-7104.8486,11
172201,4223.4131,-7104.8486,11
172202,4223.4131,-7104.8486,11
172203,4223.4131,-7104.8486,11
172204,4223.4131,-7104.8486,11.1
172205,4223.4131,-7104.8486,11.1
172206,4223.4131,-7104.8486,11.1
172207,4223.4131,-7104.8486,11.1
172208,4223.4131,-7104.8486,11.1
172209,4223.4131,-7104.8486,11.1
172210,4223.4131,-7104.8486,11.1
172211,4223.4131,-7104.8486,11.1
172212,4223.4131,-7104.8486,11.1
172213,4223.4131,-7104.8486,11.2
172214,4223.4134,-7104.8486,11.1
172215,4223.4137,-7104.8487,11.1
172216,4223.4141,-7104.8489,11.2
172217,4223.4144,-7104.849,11.4
172218,4223.4148,-7104.8492,11.5
172219,4223.4152,-7104.8495,11.6
172220,4223.4156,-7104.8497,11.8
172221,4223.416,-7104.8498,12
172222,4223.4163,-7104.8498,12.4
172223,4223.4166,-7104.8499,12.4
172224,4223.4168,-7104.8499,12.7
172225,4223.417,-7104.8499,12.8
172226,4223.417,-7104.85,12.8
172227,4223.417,-7104.85,12.7
172228,4223.4169,-7104.85,12.6
172229,4223.4165,-7104.8503,12.5
172230,4223.4157,-7104.851,12.3
172231,4223.4147,-7104.8524,12.2
172232,4223.4135,-7104.8544,12.2
172233,4223.412,-7104.8567,12
172234,4223.4104,-7104.8593,11.7
172235,4223.4089,-7104.8618,11.5
172236,4223.4074,-7104.8641,11.2
172237,4223.4059,-7104.8661,11.1
172238,4223.4044,-7104.8678,11
172239,4223.4028,-7104.869,11
172240,4223.4011,-7104.8694,10.9
172241,4223.3994,-7104.8688,10.8
172242,4223.3981,-7104.8672,10.7
172243,4223.3973,-7104.8653,10.5
172244,4223.3971,-7104.8642,10.4
172245,4223.3972,-7104.864,10.3
172246,4223.3972,-7104.8637,10.4
172247,4223.3973,-7104.8632,10.4
172248,4223.3974,-7104.8625,10.4
172249,4223.3977,-7104.8615,10.4
172250,4223.3983,-7104.8601,10.4
172251,4223.3992,-7104.8582,10.4
172252,4223.4004,-7104.856,10.5
172253,4223.4018,-7104.8537,10.5
172254,4223.4033,-7104.8515,10.6
172255,4223.4049,-7104.8494,10.6
172256,4223.4064,-7104.8474,10.6
172257,4223.4079,-7104.8455,10.5
172258,4223.4092,-7104.8438,10.7
172259,4223.4104,-7104.8422,11
172300,4223.4115,-7104.8406,11.2
172301,4223.4127,-7104.839,11.5
172302,4223.4139,-7104.8373,11.7
172303,4223.4153,-7104.8356,12
172304,4223.4167,-7104.8342,12.1
172305,4223.4182,-7104.8333,12.2
172306,4223.4198,-7104.8331,12.3
172307,4223.4213,-7104.8335,12.3
172308,4223.4226,-7104.8343,12.2
172309,4223.4237,-7104.8352,12.1
172310,4223.4245,-7104.8362,12.3
172311,4223.4249,-7104.8375,12.4
172312,4223.4249,-7104.8393,12.4
172313,4223.4242,-7104.8415,12.5
172314,4223.4228,-7104.8436,12.6
172315,4223.4209,-7104.8461,12.8
172316,4223.4189,-7104.849,12.8
172317,4223.4168,-7104.8522,13.1
172318,4223.4146,-7104.8555,13.2
172319,4223.4125,-7104.8588,13.2
172320,4223.4105,-7104.8619,13.2
172321,4223.4086,-7104.8646,13.2
172322,4223.4068,-7104.8668,13.3
172323,4223.405,-7104.8685,13.2
172324,4223.403,-7104.8694,13.3
172325,4223.401,-7104.8694,13.2
172326,4223.3992,-7104.8682,13.1
172327,4223.3979,-7104.8661,13
172328,4223.3974,-7104.8634,12.8
172329,4223.3978,-7104.8606,12.8
172330,4223.3989,-7104.858,12.7
172331,4223.4002,-7104.8555,12.7
172332,4223.4016,-7104.8531,12.7
172333,4223.403,-7104.8509,12.7
172334,4223.404,-7104.8493,12.7
172335,4223.4046,-7104.8484,12.7
172336,4223.4052,-7104.8476,12.8
172337,4223.4059,-7104.8466,12.9
172338,4223.4068,-7104.8455,13
172339,4223.4081,-7104.8441,13.1
172340,4223.4097,-7104.8423,13.2
172341,4223.4114,-7104.8402,13.4
172342,4223.4131,-7104.838,13.5
172343,4223.4148,-7104.8361,13.5
172344,4223.4165,-7104.8346,13.6
172345,4223.4182,-7104.8338,13.7
172346,4223.42,-7104.8337,13.7
172347,4223.4216,-7104.8341,13.6
172348,4223.4227,-7104.8347,13.7
172349,4223.4237,-7104.8354,13.6
172350,4223.4245,-7104.8363,13.7
172351,4223.4251,-7104.8378,13.6
172352,4223.4252,-7104.8397,13.7
172353,4223.4243,-7104.842,13.9
172354,4223.4226,-7104.8443,14
172355,4223.4206,-7104.8468,14.1
172356,4223.4184,-7104.8497,14.2
172357,4223.4162,-7104.8529,14.1
172358,4223.4141,-7104.8562,14.1
172359,4223.4119,-7104.8594,14.1
172400,4223.41,-7104.8624,14.2
172401,4223.4082,-7104.8651,14.2
172402,4223.4064,-7104.8672,14.1
172403,4223.4045,-7104.8687,14
172404,4223.4024,-7104.8694,14
172405,4223.4002,-7104.869,13.8
172406,4223.3984,-7104.8673,13.6
172407,4223.3975,-7104.8646,13.5
172408,4223.3975,-7104.8615,13.3
172409,4223.3984,-7104.8587,13
172410,4223.3998,-7104.8561,12.8
172411,4223.4014,-7104.8537,12.7
172412,4223.4031,-7104.8512,12.7
172413,4223.405,-7104.8487,12.6
172414,4223.4068,-7104.8463,12.7
172415,4223.4086,-7104.8441,12.9
172416,4223.4102,-7104.8419,13
172417,4223.4118,-7104.8397,13.2
172418,4223.4133,-7104.8376,13.5
172419,4223.4145,-7104.836,13.7
172420,4223.4157,-7104.8348,13.9
172421,4223.4173,-7104.834,14.1
172422,4223.4192,-7104.8342,14.1
172423,4223.4212,-7104.8352,14.1
172424,4223.4233,-7104.8369,13.7
172425,4223.4254,-7104.8389,13.6
172426,4223.4273,-7104.841,13.5
172427,4223.429,-7104.8428,13.7
172428,4223.4302,-7104.8443,13.8
172429,4223.4313,-7104.8459,13.8
172430,4223.4323,-7104.8479,13.9
172431,4223.4331,-7104.8509,14.1
172432,4223.4332,-7104.8549,14.2
172433,4223.4323,-7104.8595,14.3
172434,4223.4303,-7104.8645,14.4
172435,4223.4274,-7104.8694,14.7
172436,4223.4241,-7104.874,14.9
172437,4223.4209,-7104.8782,15
172438,4223.418,-7104.8821,15.2
172439,4223.4156,-7104.8856,15.4
172440,4223.4136,-7104.8883,15.5
172441,4223.4122,-7104.8905,15.6
172442,4223.4112,-7104.8919,15.6
172443,4223.4107,-7104.8927,15.7
172444,4223.4107,-7104.8928,15.7
172445,4223.4107,-7104.8928,15.7
172446,4223.4107,-7104.8928,15.6
172447,4223.4107,-7104.8928,15.6
172448,4223.4107,-7104.8928,15.6
172449,4223.4107,-7104.8928,15.6
172450,4223.4107,-7104.8928,15.6
172451,4223.4107,-7104.8928,15.6
172452,4223.4107,-7104.8928,15.6
172453,4223.4107,-7104.8928,15.6
172454,4223.4107,-7104.8928,15.6
172455,4223.4107,-7104.8928,15.3
172456,4223.4106,-7104.8929,15
172457,4223.4106,-7104.8929,15
172458,4223.4106,-7104.8929,15
172459,4223.4106,-7104.8929,15
172500,4223.4106,-7104.8929,15
172501,4223.4106,-7104.8929,15
172502,4223.4106,-7104.8929,15
172503,4223.4106,-7104.8929,15
172504,4223.4106,-7104.8929,15
172505,4223.4106,-7104.8929,15
172506,4223.4106,-7104.8929,15
172507,4223.4106,-7104.8929,15
172508,4223.4106,-7104.8929,15
172509,4223.4106,-7104.8929,15
172510,4223.4106,-7104.8929,15
172511,4223.4106,-7104.8929,15
172512,4223.4106,-7104.8929,15
172513,4223.4106,-7104.8929,15
172514,4223.4106,-7104.8929,15
172515,4223.4106,-7104.8929,15
172516,4223.4106,-7104.8929,15
172517,4223.4106,-7104.8929,15
172518,4223.4107,-7104.8929,15
172519,4223.4107,-7104.8929,15
172520,4223.4107,-7104.8929,15
172521,4223.4107,-7104.8929,15
172522,4223.4107,-7104.8929,15
172523,4223.4107,-7104.8929,15
172524,4223.4107,-7104.8929,15
172525,4223.4107,-7104.8929,15
172526,4223.4107,-7104.8929,15
172527,4223.4105,-7104.8931,14.7
172528,4223.41,-7104.8939,14.4
172529,4223.4091,-7104.8957,14.2
172530,4223.4083,-7104.8985,14.1
172531,4223.4083,-7104.9019,14
172532,4223.4095,-7104.9057,13.9
172533,4223.4119,-7104.91,14
172534,4223.4152,-7104.9151,14
172535,4223.4194,-7104.9208,13.9
172536,4223.4243,-7104.9272,13.8
172537,4223.4298,-7104.9341,13.7
172538,4223.4358,-7104.9411,13.8
172539,4223.4421,-7104.9478,14
172540,4223.4487,-7104.9542,14.1
172541,4223.4558,-7104.9604,14.1
172542,4223.4634,-7104.9668,13.9
172543,4223.4712,-7104.9734,13.7
172544,4223.4791,-7104.9801,14
172545,4223.4868,-7104.9868,14
172546,4223.4945,-7104.9934,14.2
172547,4223.5021,-7105,14.3
172548,4223.5095,-7105.0063,14.6
172549,4223.517,-7105.0119,15.3
172550,4223.5244,-7105.0176,15.8
172551,4223.5308,-7105.0232,16.3
172552,4223.5376,-7105.0288,16.8
172553,4223.5444,-7105.0343,17
172554,4223.551,-7105.04,17.2
172555,4223.5575,-7105.046,17.3
172556,4223.5639,-7105.0519,17.5
172557,4223.57,-7105.0578,17.4
172558,4223.5758,-7105.0636,17.4
172559,4223.581,-7105.069,16.5
172600,4223.5859,-7105.0743,15.7
172601,4223.5901,-7105.0793,15.1
172602,4223.5937,-7105.0838,14.9
172603,4223.5963,-7105.0879,14.7
172604,4223.5982,-7105.0921,14.7
172605,4223.5993,-7105.0964,14.4
172606,4223.5994,-7105.1006,14.1
172607,4223.599,-7105.105,14
172608,4223.5978,-7105.1091,13.8
172609,4223.5958,-7105.1125,13.8
172610,4223.5939,-7105.1151,13.9
172611,4223.5918,-7105.1166,14.4
172612,4223.5902,-7105.1174,14.7
172613,4223.5894,-7105.1172,15.7
172614,4223.5891,-7105.1171,16.3
172615,4223.5888,-7105.1169,16.6
172616,4223.5888,-7105.1168,16.7
172617,4223.5888,-7105.1168,16.6
172618,4223.5884,-7105.1169,16.1
172619,4223.5882,-7105.1171,15.9
172620,4223.5875,-7105.1172,16
172621,4223.586,-7105.1179,15.7
172622,4223.5832,-7105.1193,15.1
172623,4223.5804,-7105.1208,15.2
172624,4223.574,-7105.1215,14.4
172625,4223.5687,-7105.1198,14.2
172626,4223.564,-7105.1165,14.2
172627,4223.5594,-7105.1122,14.4
172628,4223.5551,-7105.108,14.2
172629,4223.551,-7105.1041,14
172630,4223.5471,-7105.1002,13.7
172631,4223.5436,-7105.0969,13.4
172632,4223.5406,-7105.0941,13.3
172633,4223.5384,-7105.092,13.2
172634,4223.537,-7105.0907,13
172635,4223.5364,-7105.0901,13
172636,4223.5363,-7105.09,13
172637,4223.5364,-7105.0902,13
172638,4223.5363,-7105.0901,12.9
172639,4223.5361,-7105.0899,12.8
172640,4223.5359,-7105.0898,12.9
172641,4223.5353,-7105.0896,12.9
172642,4223.5339,-7105.0887,13
172643,4223.5315,-7105.0865,12.9
172644,4223.5281,-7105.0831,12.8
172645,4223.5244,-7105.0791,12.6
172646,4223.52,-7105.0743,12.7
172647,4223.5138,-7105.0687,12.8
172648,4223.5075,-7105.0618,12.1
172649,4223.501,-7105.0549,11.8
172650,4223.494,-7105.0479,11.5
172651,4223.4868,-7105.0409,11.7
172652,4223.4793,-7105.0338,11.4
172653,4223.4719,-7105.0266,11.3
172654,4223.4646,-7105.0195,11.2
172655,4223.4572,-7105.0124,11.3
172656,4223.4499,-7105.005,11.5
172657,4223.4425,-7104.9975,11.8
172658,4223.435,-7104.9896,12.2
172659,4223.4276,-7104.9816,12.6
172700,4223.4201,-7104.9732,13.1
172701,4223.4126,-7104.9644,13.4
172702,4223.4051,-7104.9553,13.9
172703,4223.3975,-7104.9456,14.3
172704,4223.3897,-7104.9356,14.7
172705,4223.3818,-7104.9251,15
172706,4223.3737,-7104.9143,15.1
172707,4223.3655,-7104.9031,15.1
172708,4223.3571,-7104.8914,14.9
172709,4223.3486,-7104.8793,14.8
172710,4223.3399,-7104.8668,14.8
172711,4223.3312,-7104.8542,14.9
172712,4223.3225,-7104.8416,15.3
172713,4223.3137,-7104.8291,15.8
172714,4223.3048,-7104.8167,16.4
172715,4223.2958,-7104.8043,17
172716,4223.2869,-7104.7918,17.6
172717,4223.2778,-7104.7791,18.1
172718,4223.2686,-7104.7664,18.6
172719,4223.2592,-7104.7537,19.1
172720,4223.2496,-7104.741,19.6
172721,4223.2395,-7104.7286,20.2
172722,4223.229,-7104.7166,20.9
172723,4223.2181,-7104.7048,21.5
172724,4223.2069,-7104.6934,22.2
172725,4223.1956,-7104.6826,22.9
172726,4223.184,-7104.6724,23.5
172727,4223.1723,-7104.6629,24.1
172728,4223.1603,-7104.6539,24.5
172729,4223.148,-7104.6455,24.8
172730,4223.1356,-7104.6378,25
172731,4223.1231,-7104.6309,25
172732,4223.1105,-7104.6248,24.9
172733,4223.0978,-7104.6194,24.9
172734,4223.0851,-7104.6148,24.7
172735,4223.0723,-7104.6109,24.8
172736,4223.0595,-7104.6078,24.6
172737,4223.0467,-7104.6054,24.5
172738,4223.0338,-7104.6038,24.3
172739,4223.0209,-7104.6028,24.2
172740,4223.0079,-7104.6022,24.1
172741,4222.995,-7104.6021,24.3
172742,4222.9819,-7104.6023,24.3
172743,4222.9687,-7104.6027,24.3
172744,4222.9554,-7104.6031,24.3
172745,4222.9421,-7104.6034,24.4
172746,4222.9287,-7104.6039,24.5
172747,4222.9152,-7104.6044,24.6
172748,4222.9014,-7104.6051,24.6
172749,4222.8873,-7104.6058,25.1
172750,4222.8737,-7104.606,25.5
172751,4222.8604,-7104.606,25.6
172752,4222.847,-7104.606,25.3
172753,4222.8336,-7104.6053,24.5
172754,4222.8201,-7104.6047,23.8
172755,4222.8071,-7104.6032,23.5
172756,4222.7939,-7104.6009,23.3
172757,4222.781,-7104.5981,22.5
172758,4222.7683,-7104.5952,21.1
172759,4222.7561,-7104.5921,19.3
172800,4222.7443,-7104.5883,17.6
172801,4222.7334,-7104.5835,17
172802,4222.7228,-7104.5784,16.1
172803,4222.7124,-7104.5726,15
172804,4222.702,-7104.5666,14.1
172805,4222.6926,-7104.5603,13.5
172806,4222.6827,-7104.5539,13.4
172807,4222.6728,-7104.5473,12.9
172808,4222.6633,-7104.5404,12.7
172809,4222.6532,-7104.5326,11.8
172810,4222.6425,-7104.5241,11.5
172811,4222.6321,-7104.5152,10.9
172812,4222.6219,-7104.5059,10.9
172813,4222.611,-7104.4968,10.2
172814,4222.6006,-7104.4872,8.9
172815,4222.5897,-7104.4774,7.3
172816,4222.5792,-7104.4674,4.9
172817,4222.5685,-7104.457,2
172818,4222.5587,-7104.4451,-2.1
172819,4222.549,-7104.4334,-5.9
172820,4222.5394,-7104.4217,-9.3
172821,4222.5302,-7104.4101,-10.3
172822,4222.5211,-7104.3984,-10.7
172823,4222.5121,-7104.3872,-12
172824,4222.5035,-7104.376,-12.2
172825,4222.4949,-7104.3647,-12.5
172826,4222.4876,-7104.3534,-12.8
172827,4222.481,-7104.3413,-13.2
172828,4222.4759,-7104.3296,-13.7
172829,4222.4693,-7104.318,-14.4
172830,4222.4642,-7104.3068,-15.1
172831,4222.4567,-7104.2932,-15.6
172832,4222.4499,-7104.28,-16.1
172833,4222.4428,-7104.2671,-17
172834,4222.4342,-7104.2549,-17.6
172835,4222.4259,-7104.2428,-18.2
172836,4222.4182,-7104.231,-18.9
172837,4222.4103,-7104.2198,-19.8
172838,4222.4024,-7104.2092,-20.3
172839,4222.392,-7104.192,1.2
172840,4222.3862,-7104.1804,10.9
172841,4222.3803,-7104.1691,16.3
172842,4222.374,-7104.1584,17.9
172843,4222.3677,-7104.1471,19.6
172844,4222.3606,-7104.1358,20.3
172845,4222.3537,-7104.1239,20.9
172846,4222.3465,-7104.1117,20.5
172847,4222.3392,-7104.0999,20.8
172848,4222.3321,-7104.0875,20.5
172849,4222.3245,-7104.0757,20.8
172850,4222.317,-7104.0636,20.9
172851,4222.3096,-7104.0519,21.6
172852,4222.3024,-7104.0405,21.8
172853,4222.2955,-7104.0286,21.2
172854,4222.2887,-7104.0168,20.6
172855,4222.2815,-7104.0054,20.6
172856,4222.2742,-7103.9941,20.9
172857,4222.2667,-7103.9827,21.4
172858,4222.2591,-7103.9714,22
172859,4222.2514,-7103.9602,22.7
172900,4222.2439,-7103.9494,23.5
172901,4222.2364,-7103.9391,24.5
172902,4222.2292,-7103.9291,25.2
172903,4222.222,-7103.9196,25.9
172904,4222.2149,-7103.9104,26.4
172905,4222.2077,-7103.9013,26.9
172906,4222.2002,-7103.8923,27.2
172907,4222.1926,-7103.8831,27.3
172908,4222.1847,-7103.8739,27.4
172909,4222.1767,-7103.8647,27.4
172910,4222.1686,-7103.8555,27.1
172911,4222.1604,-7103.8464,26.9
172912,4222.152,-7103.8371,26.6
172913,4222.1438,-7103.8278,26.1
172914,4222.1357,-7103.8186,25.5
172915,4222.1277,-7103.8095,24.7
172916,4222.1197,-7103.8004,23.9
172917,4222.112,-7103.7914,23
172918,4222.1045,-7103.7829,22.1
172919,4222.0972,-7103.7747,21.3
172920,4222.0901,-7103.7665,20.5
172921,4222.083,-7103.7583,19.7
172922,4222.0759,-7103.7501,18.9
172923,4222.0686,-7103.742,17.9
172924,4222.0612,-7103.7338,17.4
172925,4222.0539,-7103.7256,16.5
172926,4222.0466,-7103.7175,15.8
172927,4222.0393,-7103.7093,15
172928,4222.032,-7103.7013,14.2
172929,4222.025,-7103.6936,13.4
172930,4222.0184,-7103.6863,12.7
172931,4222.0118,-7103.6791,12.1
172932,4222.0052,-7103.6719,11.5
172933,4221.9988,-7103.6646,11.6
172934,4221.9922,-7103.6573,11.7
172935,4221.9854,-7103.6499,11
172936,4221.9784,-7103.6427,10.6
172937,4221.9716,-7103.6355,10
172938,4221.9646,-7103.6285,9.6
172939,4221.9579,-7103.6211,9.2
172940,4221.9511,-7103.6135,8.7
172941,4221.9443,-7103.6059,8.2
172942.078,4221.937,-7103.5977,7.7
172943.078,4221.9303,-7103.5901,7.2
172944.078,4221.9235,-7103.5825,6.7
172945.082,4221.9167,-7103.5748,6.2
172946.081,4221.91,-7103.5672,5.7
172947.082,4221.9032,-7103.5596,5.3
172948.082,4221.8964,-7103.552,4.8
172949.082,4221.8897,-7103.5444,4.3
172950.081,4221.8829,-7103.5368,3.8
172951.081,4221.8762,-7103.5292,3.3
172952.077,4221.8694,-7103.5217,2.8
172953.077,4221.8627,-7103.5141,2.3
172954.077,     NaN,     NaN,     NaN
172955.081,     NaN,     NaN,     NaN
172956.082,     NaN,     NaN,     NaN
172957.081,     NaN,     NaN,     NaN
172958.08,     NaN,     NaN,     NaN
172959.08,     NaN,     NaN,     NaN
173000.08,     NaN,     NaN,     NaN
173001.08,     NaN,     NaN,     NaN
173002.08,     NaN,     NaN,     NaN
173003.08,     NaN,     NaN,     NaN
173004.08,     NaN,     NaN,     NaN
173005.08,     NaN,     NaN,     NaN
173006.079,     NaN,     NaN,     NaN
173007.079,     NaN,     NaN,     NaN
173008.079,     NaN,     NaN,     NaN
173009.079,     NaN,     NaN,     NaN
173010.078,     NaN,     NaN,     NaN
173011.078,     NaN,     NaN,     NaN
173012.079,     NaN,     NaN,     NaN
173013.079,     NaN,     NaN,     NaN
173014.079,     NaN,     NaN,     NaN
173015.078,     NaN,     NaN,     NaN
173016.08,     NaN,     NaN,     NaN
173017.08,     NaN,     NaN,     NaN
173018.079,     NaN,     NaN,     NaN
173019.079,     NaN,     NaN,     NaN
173020.079,     NaN,     NaN,     NaN
173021.08,     NaN,     NaN,     NaN
173022.079,     NaN,     NaN,     NaN
173023.078,     NaN,     NaN,     NaN
173024.078,     NaN,     NaN,     NaN
173025.079,     NaN,     NaN,     NaN
173026.078,     NaN,     NaN,     NaN
173027.079,     NaN,     NaN,     NaN
173028.078,     NaN,     NaN,     NaN
173029.078,     NaN,     NaN,     NaN
173030.079,     NaN,     NaN,     NaN
173031.079,     NaN,     NaN,     NaN
173032.078,     NaN,     NaN,     NaN
173033.079,     NaN,     NaN,     NaN
173034.079,     NaN,     NaN,     NaN
173035.079,     NaN,     NaN,     NaN
173036.079,     NaN,     NaN,     NaN
173037.078,     NaN,     NaN,     NaN
173038.079,     NaN,     NaN,     NaN
173039.079,     NaN,     NaN,     NaN
173040.079,     NaN,     NaN,     NaN
173041.078,     NaN,     NaN,     NaN
173042.078,     NaN,     NaN,     NaN
173043.079,     NaN,     NaN,     NaN
173044.08,     NaN,     NaN,     NaN
173045.079,     NaN,     NaN,     NaN
173046.079,     NaN,     NaN,     NaN
173047.078,     NaN,     NaN,     NaN
173048.079,     NaN,     NaN,     NaN
173049.08,     NaN,     NaN,     NaN
173050.079,     NaN,     NaN,     NaN
173051.079,     NaN,     NaN,     NaN
173052.08,     NaN,     NaN,     NaN
173053.079,     NaN,     NaN,     NaN
173054.079,     NaN,     NaN,     NaN
173055.078,     NaN,     NaN,     NaN
173056.079,     NaN,     NaN,     NaN
173057.078,     NaN,     NaN,     NaN
173058.079,     NaN,     NaN,     NaN
173059.078,     NaN,     NaN,     NaN
173100.078,     NaN,     NaN,     NaN
173101.078,     NaN,     NaN,     NaN
173102.079,     NaN,     NaN,     NaN
173103.079,     NaN,     NaN,     NaN
173104.079,     NaN,     NaN,     NaN
173105.079,     NaN,     NaN,     NaN
173106.079,     NaN,     NaN,     NaN
173107.08,     NaN,     NaN,     NaN
173108.076,     NaN,     NaN,     NaN
173109.072,4221.2373,-7103.2792,32
173110.072,4221.2499,-7103.2991,-21.1
173111.072,4221.2462,-7103.3089,-31.9
173112,4221.2401,-7103.3146,-35.8
173113,4221.2286,-7103.3092,-26.9
173114,4221.223,-7103.3111,-24.4
173115,4221.2142,-7103.3071,-7.5
173116,4221.2111,-7103.3083,-4
173117,4221.2091,-7103.3093,-1
173118,4221.2079,-7103.3103,0.7
173119,4221.2067,-7103.3112,2.5
173120,4221.2055,-7103.3122,3.3
173121,4221.2042,-7103.3133,4.1
173122,4221.203,-7103.3142,4.9
173123,4221.2021,-7103.3151,5.5
173124,4221.2015,-7103.3157,5.9
173125,4221.2011,-7103.316,6.2
173126,4221.2008,-7103.3161,6.3
173127,4221.2007,-7103.3161,6.7
173128,4221.2006,-7103.3161,6.9
173129,4221.2005,-7103.316,7.1
173130,4221.2006,-7103.316,7.6
173131,4221.2007,-7103.3162,8.5
173132,4221.2008,-7103.3162,8.8
173133,4221.2008,-7103.3163,9
173134,4221.2008,-7103.3163,8.9
173135,4221.2008,-7103.3163,9
173136,4221.2008,-7103.3163,9
173137,4221.2008,-7103.3163,9.1
173138,4221.2008,-7103.3163,9.1
173139,4221.2008,-7103.3162,9.2
173140,4221.2008,-7103.3162,9.3
173141,4221.2007,-7103.3162,9.3
173142,4221.2007,-7103.3162,9.4
173143,4221.2007,-7103.3162,9.4
173144,4221.2007,-7103.3162,9.5
173145,4221.2007,-7103.3162,9.5
173146,4221.2007,-7103.3162,9.6
173147,4221.2007,-7103.3162,9.6
173148,4221.2007,-7103.3162,9.6
173149,4221.2007,-7103.3162,9.7
173150,4221.2007,-7103.3162,9.7
173151,4221.2007,-7103.3162,9.7
173152,4221.2007,-7103.3162,9.8
173153,4221.2007,-7103.3162,9.8
173154,4221.2008,-7103.3165,9.3
173155,4221.2008,-7103.3168,8.8
173156,4221.2008,-7103.3172,8.4
173157,4221.2007,-7103.3175,8
173158,4221.2006,-7103.3179,7.6
173159,4221.2006,-7103.318,7.6
173200,4221.2006,-7103.3179,7.6
173201,4221.2006,-7103.3179,7.7
173202,4221.2006,-7103.3179,7.7
173203,4221.2006,-7103.3179,7.7
173204,4221.2006,-7103.3179,7.8
173205,4221.2006,-7103.3179,7.8
173206,4221.2006,-7103.3179,7.8
173207,4221.2006,-7103.3178,7.9
173208,4221.2005,-7103.3178,7.9
173209,4221.2005,-7103.3178,8
173210,4221.2005,-7103.318,8
173211,4221.2004,-7103.3183,8
173212,4221.2,-7103.3188,8.1
173213,4221.1994,-7103.3199,8.3
173214,4221.1985,-7103.3216,8.4
173215,4221.1973,-7103.3237,8.5
173216,4221.1961,-7103.3263,8.6
173217,4221.1946,-7103.3293,8.4
173218,4221.1932,-7103.3326,8.2
173219,4221.1918,-7103.3358,8
173220,4221.1907,-7103.3388,7.9
173221,4221.1897,-7103.342,7.7
173222,4221.1888,-7103.3454,7.7
173223,4221.1878,-7103.3492,7.6
173224,4221.1864,-7103.3535,7.6
173225,4221.1845,-7103.3583,7.4
173226,4221.1824,-7103.3634,7.4
173227,4221.1802,-7103.3687,7.4
173228,4221.1778,-7103.3739,7.1
173229,4221.1756,-7103.3792,6.9
173230,4221.1736,-7103.3839,6.6
173231,4221.1717,-7103.3885,6.5
173232,4221.1698,-7103.3929,6.6
173233,4221.1681,-7103.3967,6.6
173234,4221.1667,-7103.3999,6.8
173235,4221.1655,-7103.4025,7
173236,4221.1647,-7103.4044,7.1
173237,4221.1644,-7103.4054,7.1
173238,4221.1643,-7103.4057,7.1
173239,4221.1643,-7103.4056,7.1
173240,4221.1643,-7103.4056,7.1
173241,4221.1643,-7103.4056,7
173242,4221.1643,-7103.406,6.7
173243,4221.1638,-7103.4073,6.3
173244,4221.1632,-7103.4096,5.8
173245,4221.1622,-7103.4128,5.4
173246,4221.1612,-7103.4169,4.9
173247,4221.16,-7103.4217,4.4
173248,4221.1604,-7103.4281,3.9
173249,4221.1601,-7103.4343,3.4
173250,4221.1596,-7103.4396,2.8
173251,4221.1589,-7103.4431,2.4
173252,4221.1585,-7103.445,2.2
173253,4221.1584,-7103.4455,2.1
173254,4221.1584,-7103.4454,2.2
173255,4221.1584,-7103.4454,2.2
173256,4221.1584,-7103.4454,2.3
173257,4221.1584,-7103.4454,2.4
173258,4221.1583,-7103.4453,2.4
173259,4221.1583,-7103.4453,2.5
173300,4221.1583,-7103.4452,2.6
173301,4221.1583,-7103.4452,2.6
173302,4221.1583,-7103.4452,2.7
173303,4221.1583,-7103.4452,2.7
173304,4221.1583,-7103.4452,2.7
173305,4221.1583,-7103.4452,2.8
173306,4221.1584,-7103.4452,2.8
173307,4221.1584,-7103.4452,2.8
173308,4221.1583,-7103.4451,2.9
173309,4221.1583,-7103.4451,2.9
173310,4221.1584,-7103.4452,2.7
173311,4221.1582,-7103.4453,2.7
173312,4221.1579,-7103.4457,2.7
173313,4221.1575,-7103.4464,2.7
173314,4221.157,-7103.4474,2.7
173315,4221.1565,-7103.449,2.7
173316,4221.156,-7103.451,2.8
173317,4221.1554,-7103.4532,2.8
173318,4221.1547,-7103.456,2.7
173319,4221.1538,-7103.4594,2.6
173320,4221.1527,-7103.4634,2.5
173321,4221.1513,-7103.4678,2.4
173322,4221.1497,-7103.4728,2.3
173323,4221.1479,-7103.4781,2.3
173324,4221.1458,-7103.4838,2.4
173325,4221.1436,-7103.4891,3.3
173326,4221.1411,-7103.4943,3.9
173327,4221.1376,-7103.499,4.7
173328,4221.1337,-7103.5036,5.8
173329,4221.1303,-7103.5087,6.3
173330,4221.1269,-7103.5136,6.7
173331,4221.1233,-7103.5185,7.1
173332,4221.1194,-7103.5234,7.4
173333,4221.1153,-7103.5281,7.6
173334,4221.1113,-7103.5324,7.8
173335,4221.1072,-7103.5359,8.3
173336,4221.1042,-7103.5394,8.2
173337,4221.1016,-7103.5421,8.2
173338,4221.0994,-7103.544,8.3
173339,4221.0978,-7103.5451,8.6
173340,4221.0967,-7103.5458,8.8
173341,4221.096,-7103.5463,8.8
173342,4221.0957,-7103.5466,8.7
173343,4221.0955,-7103.5463,9
173344,4221.0955,-7103.5463,9
173345,4221.0955,-7103.5463,9
173346,4221.0955,-7103.5463,9
173347,4221.0955,-7103.5463,9
173348,4221.0955,-7103.5463,9
173349,4221.0955,-7103.5463,9
173350,4221.0955,-7103.5463,9
173351,4221.0952,-7103.5461,9.3
173352,4221.0947,-7103.5461,9.5
173353,4221.0941,-7103.5463,9.8
173354,4221.0936,-7103.5464,10
173355,4221.0936,-7103.5465,10
173356,4221.0936,-7103.5465,10
173357,4221.0936,-7103.5465,10.1
173358,4221.0936,-7103.5465,10.1
173359,4221.0936,-7103.5465,10.1
173400,4221.0936,-7103.5465,10.2
173401,4221.0936,-7103.5465,10.2
173402,4221.0936,-7103.5465,10.2
173403,4221.0936,-7103.5465,10.3
173404,4221.0936,-7103.5465,10.3
173405,4221.0936,-7103.5465,10.4
173406,4221.0935,-7103.5463,10.3
173407,4221.0933,-7103.5463,10.3
173408,4221.0928,-7103.5465,10.3
173409,4221.0921,-7103.5469,10.2
173410,4221.0913,-7103.5473,10.2
173411,4221.0904,-7103.5478,10.2
173412,4221.0897,-7103.5481,10
173413,4221.0896,-7103.5482,10.1
173414,4221.0895,-7103.5482,10
173415,4221.0893,-7103.5482,10
173416,4221.089,-7103.5484,10
173417,4221.0886,-7103.5486,10
173418,4221.088,-7103.5489,10
173419,4221.0873,-7103.5493,10
173420,4221.0865,-7103.5497,10.1
173421,4221.0856,-7103.5502,10
173422,4221.0844,-7103.5509,10.1
173423,4221.0828,-7103.5518,10.2
173424,4221.0809,-7103.5528,10.3
173425,4221.0787,-7103.5539,10.5
173426,4221.0763,-7103.5552,10.8
173427,4221.0735,-7103.5565,11
173428,4221.0704,-7103.5579,11.3
173429,4221.0671,-7103.5594,11.3
173430,4221.0639,-7103.5608,11.3
173431,4221.061,-7103.5621,11.3
173432,4221.0582,-7103.5632,11.4
173433,4221.0556,-7103.5643,11.4
173434,4221.0532,-7103.5653,11.4
173435,4221.0512,-7103.5661,11.4
173436,4221.0499,-7103.5666,11.3
173437,4221.0489,-7103.567,11.3
173438,4221.0482,-7103.5674,11.4
173439,4221.0476,-7103.5678,11.5
173440,4221.0473,-7103.568,11.7
173441,4221.0471,-7103.5682,11.8
173442,4221.0469,-7103.5683,12
173443,4221.0467,-7103.5685,12.1
173444,4221.0465,-7103.5687,12.3
173445,4221.0465,-7103.5687,12.2
173446,4221.0465,-7103.5687,12.2
173447,4221.0465,-7103.5687,12.2
173448,4221.0465,-7103.5687,12.2
173449,4221.0465,-7103.5687,12.3
173450,4221.0465,-7103.5687,12.3
173451,4221.0465,-7103.5687,12.3
173452,4221.0465,-7103.5687,12.3
173453,4221.0465,-7103.5687,12.3
173454,4221.0465,-7103.5687,12.4
173455,4221.0465,-7103.5687,12.5
173456,4221.0465,-7103.5688,12.6
173457,4221.0465,-7103.5688,12.6
173458,4221.0465,-7103.5688,12.7
173459,4221.0465,-7103.5689,12.7
173500,4221.0462,-7103.569,12.8
173501,4221.0459,-7103.5692,12.8
173502,4221.0455,-7103.5694,13
173503,4221.0452,-7103.5695,13.2
173504,4221.0449,-7103.5697,13.3
173505,4221.0446,-7103.5698,13.5
173506,4221.0443,-7103.57,13.6
173507,4221.0442,-7103.5701,13.7
173508,4221.0442,-7103.5701,13.6
173509,4221.0442,-7103.5701,13.6
173510,4221.0442,-7103.5701,13.6
173511,4221.0442,-7103.5701,13.6
173512,4221.0442,-7103.5701,13.6
173513,4221.0442,-7103.5701,13.7
173514,4221.0442,-7103.5701,13.7
173515,4221.0442,-7103.5701,13.7
173516,4221.0442,-7103.5701,13.7
173517,4221.0442,-7103.5701,13.7
173518,4221.0441,-7103.5701,13.7
173519,4221.0438,-7103.5703,13.8
173520,4221.0434,-7103.5705,13.8
173521,4221.0428,-7103.5707,13.9
173522,4221.0421,-7103.571,14
173523,4221.0412,-7103.5713,14.1
173524,4221.0402,-7103.5717,14.2
173525,4221.0392,-7103.5721,14.3
173526,4221.0382,-7103.5726,14.4
173527,4221.0372,-7103.573,14.5
173528,4221.0364,-7103.5734,14.7
173529,4221.0359,-7103.5737,14.9
173530,4221.0353,-7103.574,15
173531,4221.0345,-7103.5744,15
173532,4221.0331,-7103.5752,14.9
173533,4221.0314,-7103.5761,14.9
173534,4221.0302,-7103.5767,15
173535,4221.0295,-7103.577,15.2
173536,4221.0291,-7103.5773,15.3
173537,4221.0286,-7103.5775,15.5
173538,4221.028,-7103.5778,15.4
173539,4221.0271,-7103.5784,15.2
173540,4221.0259,-7103.5792,14.7
173541,4221.0245,-7103.58,14.4
173542,4221.0233,-7103.5807,14.3
173543,4221.0222,-7103.5813,14.2
173544,4221.0213,-7103.5817,14
173545,4221.0203,-7103.5821,13.8
173546,4221.0191,-7103.5826,13.8
173547,4221.0177,-7103.5833,13.8
173548,4221.0162,-7103.5843,13.9
173549,4221.0146,-7103.5856,13.7
173550,4221.0134,-7103.5873,13.5
173551,4221.0128,-7103.5893,13.3
173552,4221.0128,-7103.5918,13.6
173553,4221.0132,-7103.5948,13.6
173554,4221.0138,-7103.5985,14.1
173555,4221.0149,-7103.6033,15
173556,4221.016,-7103.6078,16.1
173557,4221.0166,-7103.6102,16.6
173558,4221.0168,-7103.6115,17.5
173559,4221.0169,-7103.6123,17.7
173600,4221.017,-7103.6131,18
173601,4221.0166,-7103.6143,18.4
173602,4221.0165,-7103.6158,19.2
173603,4221.0169,-7103.6175,19.5
173604,4221.0177,-7103.6207,20
173605,4221.0189,-7103.6247,20.8
173606,4221.0207,-7103.629,21.4
173607,4221.0223,-7103.6339,22.2
173608,4221.0242,-7103.6387,22.6
173609,4221.0257,-7103.644,22.9
173610,4221.0275,-7103.6493,22.1
173611,4221.0288,-7103.6548,21.8
173612,4221.03,-7103.6604,21.6
173613,4221.0315,-7103.6658,21.4
173614,4221.0333,-7103.671,21.3
173615,4221.0348,-7103.6759,21.3
173616,4221.036,-7103.6804,21.3
173617,4221.0367,-7103.6838,21.5
173618,4221.0371,-7103.686,21.8
173619,4221.0374,-7103.6874,22
173620,4221.0375,-7103.6886,22.2
173621,4221.0376,-7103.69,22.4
173622,4221.0376,-7103.6915,22.5
173623,4221.0374,-7103.6932,22.3
173624,4221.0367,-7103.6949,22
173625,4221.0356,-7103.6961,21.9
173626,4221.034,-7103.697,21.9
173627,4221.032,-7103.698,21.8
173628,4221.0292,-7103.6992,21.9
173629,4221.0258,-7103.7008,21.6
173630,4221.0225,-7103.7027,21.1
173631,4221.019,-7103.7043,20.8
173632,4221.0149,-7103.7049,20.9
173633,4221.0112,-7103.7056,21.1
173634,4221.0084,-7103.7069,21.3
173635,4221.0045,-7103.7071,21.7
173636,4221.0012,-7103.708,21.2
173637,4220.9985,-7103.7089,20.6
173638,4220.996,-7103.7093,20.6
173639,4220.994,-7103.7103,20.9
173640,4220.9922,-7103.711,20.9
173641,4220.9904,-7103.7118,20.4
173642,4220.9887,-7103.7126,19.8
173643,4220.9869,-7103.713,19.3
173644,4220.9855,-7103.713,18.5
173645,4220.9849,-7103.7135,17.9
173646,4220.9849,-7103.7136,18.3
173647,4220.9849,-7103.7137,18.4
173648,4220.9849,-7103.7138,18.6
173649,4220.9849,-7103.7139,18.7
173650,4220.985,-7103.714,18.8
173651,4220.985,-7103.7141,18.9
173652,4220.985,-7103.7142,19
173653,4220.985,-7103.7142,19.1
173654,4220.985,-7103.7143,19.3
